iteration,expanded_state,parent,action,generated_successors,frontier_before,frontier_after,explored,g,h,f
1,"(7, 9)",START,START,"[(7, 10)]","[(7, 9)]","[(7, 10)]","[(7, 9)]",0.0,0.0,0.0
2,"(7, 10)","(7, 9)",North,"[(7, 11), (7, 9)]","[(7, 10)]","[(7, 11)]","[(7, 9), (7, 10)]",1.0,0.0,1.0
3,"(7, 11)","(7, 10)",North,"[(7, 12), (7, 10)]","[(7, 11)]","[(7, 12)]","[(7, 9), (7, 10), (7, 11)]",2.0,0.0,2.0
4,"(7, 12)","(7, 11)",North,"[(7, 13), (7, 11)]","[(7, 12)]","[(7, 13)]","[(7, 9), (7, 10), (7, 11), (7, 12)]",3.0,0.0,3.0
5,"(7, 13)","(7, 12)",North,"[(7, 12), (8, 13)]","[(7, 13)]","[(8, 13)]","[(7, 10), (7, 13), (7, 9), (7, 12), (7, 11)]",4.0,0.0,4.0
6,"(8, 13)","(7, 13)",East,"[(9, 13), (7, 13)]","[(8, 13)]","[(9, 13)]","[(7, 10), (7, 13), (7, 9), (8, 13), (7, 12), (7, 11)]",5.0,0.0,5.0
7,"(9, 13)","(8, 13)",East,"[(10, 13), (8, 13)]","[(9, 13)]","[(10, 13)]","[(9, 13), (7, 10), (7, 13), (7, 9), (8, 13), (7, 12), (7, 11)]",6.0,0.0,6.0
8,"(10, 13)","(9, 13)",East,"[(11, 13), (9, 13)]","[(10, 13)]","[(11, 13)]","[(9, 13), (7, 10), (7, 13), (10, 13), (7, 9), (8, 13), (7, 12), (7, 11)]",7.0,0.0,7.0
9,"(11, 13)","(10, 13)",East,"[(11, 12), (12, 13), (10, 13)]","[(11, 13)]","[(12, 13), (11, 12)]","[(9, 13), (7, 10), (11, 13), (7, 13), (10, 13), (7, 9), (8, 13), (7, 12), (7, 11)]",8.0,0.0,8.0
10,"(11, 12)","(11, 13)",South,"[(11, 13), (11, 11)]","[(12, 13), (11, 12)]","[(11, 11), (12, 13)]","[(9, 13), (7, 10), (11, 13), (7, 13), (10, 13), (7, 9), (8, 13), (11, 12), (7, 12), (7, 11)]",9.0,0.0,9.0
11,"(12, 13)","(11, 13)",East,"[(13, 13), (11, 13)]","[(11, 11), (12, 13)]","[(13, 13), (11, 11)]","[(9, 13), (7, 10), (11, 13), (12, 13), (7, 13), (10, 13), (7, 9), (8, 13), (11, 12), (7, 12), (7, 11)]",9.0,0.0,9.0
12,"(11, 11)","(11, 12)",South,"[(11, 12), (12, 11), (10, 11)]","[(13, 13), (11, 11)]","[(10, 11), (12, 11), (13, 13)]","[(9, 13), (7, 10), (11, 13), (12, 13), (7, 13), (10, 13), (7, 9), (8, 13), (11, 12), (7, 12), (7, 11), (11, 11)]",10.0,0.0,10.0
13,"(13, 13)","(12, 13)",East,"[(14, 13), (12, 13)]","[(10, 11), (12, 11), (13, 13)]","[(14, 13), (10, 11), (12, 11)]","[(9, 13), (7, 10), (11, 13), (12, 13), (7, 13), (10, 13), (13, 13), (7, 9), (8, 13), (11, 12), (7, 12), (7, 11), (11, 11)]",10.0,0.0,10.0
14,"(12, 11)","(11, 11)",East,"[(13, 11), (11, 11)]","[(14, 13), (10, 11), (12, 11)]","[(13, 11), (14, 13), (10, 11)]","[(9, 13), (7, 10), (11, 13), (12, 13), (7, 13), (10, 13), (13, 13), (7, 9), (8, 13), (11, 12), (7, 12), (12, 11), (7, 11), (11, 11)]",11.0,0.0,11.0
15,"(10, 11)","(11, 11)",West,"[(11, 11), (9, 11)]","[(13, 11), (14, 13), (10, 11)]","[(9, 11), (13, 11), (14, 13)]","[(10, 11), (9, 13), (7, 10), (11, 13), (12, 13), (7, 13), (10, 13), (13, 13), (7, 9), (8, 13), (11, 12), (7, 12), (12, 11), (7, 11), (11, 11)]",11.0,0.0,11.0
16,"(14, 13)","(13, 13)",East,"[(15, 13), (13, 13)]","[(9, 11), (13, 11), (14, 13)]","[(15, 13), (9, 11), (13, 11)]",16 items,11.0,0.0,11.0
17,"(13, 11)","(12, 11)",East,"[(14, 11), (12, 11)]","[(15, 13), (9, 11), (13, 11)]","[(14, 11), (15, 13), (9, 11)]",17 items,12.0,0.0,12.0
18,"(9, 11)","(10, 11)",West,"[(9, 10), (10, 11)]","[(14, 11), (15, 13), (9, 11)]","[(9, 10), (14, 11), (15, 13)]",18 items,12.0,0.0,12.0
19,"(15, 13)","(14, 13)",East,"[(16, 13), (14, 13)]","[(9, 10), (14, 11), (15, 13)]","[(16, 13), (9, 10), (14, 11)]",19 items,12.0,0.0,12.0
20,"(14, 11)","(13, 11)",East,"[(14, 10), (13, 11)]","[(16, 13), (9, 10), (14, 11)]","[(14, 10), (16, 13), (9, 10)]",20 items,13.0,0.0,13.0
21,"(9, 10)","(9, 11)",South,"[(9, 11), (9, 9)]","[(14, 10), (16, 13), (9, 10)]","[(9, 9), (14, 10), (16, 13)]",21 items,13.0,0.0,13.0
22,"(16, 13)","(15, 13)",East,"[(17, 13), (15, 13)]","[(9, 9), (14, 10), (16, 13)]","[(17, 13), (9, 9), (14, 10)]",22 items,13.0,0.0,13.0
23,"(14, 10)","(14, 11)",South,"[(14, 11), (14, 9)]","[(17, 13), (9, 9), (14, 10)]","[(14, 9), (17, 13), (9, 9)]",23 items,14.0,0.0,14.0
24,"(9, 9)","(9, 10)",South,"[(9, 10), (9, 8)]","[(14, 9), (17, 13), (9, 9)]","[(9, 8), (14, 9), (17, 13)]",24 items,14.0,0.0,14.0
25,"(17, 13)","(16, 13)",East,"[(18, 13), (16, 13)]","[(9, 8), (14, 9), (17, 13)]","[(18, 13), (9, 8), (14, 9)]",25 items,14.0,0.0,14.0
26,"(14, 9)","(14, 10)",South,"[(14, 10), (15, 9), (13, 9)]","[(18, 13), (9, 8), (14, 9)]","[(13, 9), (15, 9), (18, 13), (9, 8)]",26 items,15.0,0.0,15.0
27,"(9, 8)","(9, 9)",South,"[(9, 9), (9, 7)]","[(13, 9), (15, 9), (18, 13), (9, 8)]","[(9, 7), (13, 9), (15, 9), (18, 13)]",27 items,15.0,0.0,15.0
28,"(18, 13)","(17, 13)",East,"[(19, 13), (17, 13)]","[(9, 7), (13, 9), (15, 9), (18, 13)]","[(19, 13), (9, 7), (13, 9), (15, 9)]",28 items,15.0,0.0,15.0
29,"(15, 9)","(14, 9)",East,"[(15, 8), (16, 9), (14, 9)]","[(19, 13), (9, 7), (13, 9), (15, 9)]","[(16, 9), (15, 8), (19, 13), (9, 7), (13, 9)]",29 items,16.0,0.0,16.0
30,"(13, 9)","(14, 9)",West,"[(14, 9), (12, 9)]","[(16, 9), (15, 8), (19, 13), (9, 7), (13, 9)]","[(12, 9), (16, 9), (15, 8), (19, 13), (9, 7)]",30 items,16.0,0.0,16.0
31,"(9, 7)","(9, 8)",South,"[(9, 8), (10, 7), (8, 7)]","[(12, 9), (16, 9), (15, 8), (19, 13), (9, 7)]","[(8, 7), (10, 7), (12, 9), (16, 9), (15, 8), (19, 13)]",31 items,16.0,0.0,16.0
32,"(19, 13)","(18, 13)",East,"[(19, 12), (20, 13), (18, 13)]","[(8, 7), (10, 7), (12, 9), (16, 9), (15, 8), (19, 13)]","[(20, 13), (19, 12), (8, 7), (10, 7), (12, 9), (16, 9), (15, 8)]",32 items,16.0,0.0,16.0
33,"(15, 8)","(15, 9)",South,"[(15, 9), (15, 7)]","[(20, 13), (19, 12), (8, 7), (10, 7), (12, 9), (16, 9), (15, 8)]","[(15, 7), (20, 13), (19, 12), (8, 7), (10, 7), (12, 9), (16, 9)]",33 items,17.0,0.0,17.0
34,"(16, 9)","(15, 9)",East,"[(16, 10), (15, 9)]","[(15, 7), (20, 13), (19, 12), (8, 7), (10, 7), (12, 9), (16, 9)]","[(16, 10), (15, 7), (20, 13), (19, 12), (8, 7), (10, 7), (12, 9)]",34 items,17.0,0.0,17.0
35,"(12, 9)","(13, 9)",West,"[(13, 9), (11, 9)]","[(16, 10), (15, 7), (20, 13), (19, 12), (8, 7), (10, 7), (12, 9)]","[(11, 9), (16, 10), (15, 7), (20, 13), (19, 12), (8, 7), (10, 7)]",35 items,17.0,0.0,17.0
36,"(10, 7)","(9, 7)",East,"[(11, 7), (9, 7)]","[(11, 9), (16, 10), (15, 7), (20, 13), (19, 12), (8, 7), (10, 7)]","[(11, 7), (11, 9), (16, 10), (15, 7), (20, 13), (19, 12), (8, 7)]",36 items,17.0,0.0,17.0
37,"(8, 7)","(9, 7)",West,"[(9, 7), (7, 7)]","[(11, 7), (11, 9), (16, 10), (15, 7), (20, 13), (19, 12), (8, 7)]","[(7, 7), (11, 7), (11, 9), (16, 10), (15, 7), (20, 13), (19, 12)]",37 items,17.0,0.0,17.0
38,"(19, 12)","(19, 13)",South,"[(19, 13), (19, 11)]","[(7, 7), (11, 7), (11, 9), (16, 10), (15, 7), (20, 13), (19, 12)]","[(19, 11), (7, 7), (11, 7), (11, 9), (16, 10), (15, 7), (20, 13)]",38 items,17.0,0.0,17.0
39,"(20, 13)","(19, 13)",East,"[(21, 13), (19, 13)]","[(19, 11), (7, 7), (11, 7), (11, 9), (16, 10), (15, 7), (20, 13)]","[(21, 13), (19, 11), (7, 7), (11, 7), (11, 9), (16, 10), (15, 7)]",39 items,17.0,0.0,17.0
40,"(15, 7)","(15, 8)",South,"[(15, 8), (16, 7), (14, 7)]","[(21, 13), (19, 11), (7, 7), (11, 7), (11, 9), (16, 10), (15, 7)]","[(14, 7), (16, 7), (21, 13), (19, 11), (7, 7), (11, 7), (11, 9), (16, 10)]",40 items,18.0,0.0,18.0
41,"(16, 10)","(16, 9)",North,"[(16, 11), (16, 9)]","[(14, 7), (16, 7), (21, 13), (19, 11), (7, 7), (11, 7), (11, 9), (16, 10)]","[(16, 11), (14, 7), (16, 7), (21, 13), (19, 11), (7, 7), (11, 7), (11, 9)]",41 items,18.0,0.0,18.0
42,"(11, 9)","(12, 9)",West,"[(11, 8), (12, 9)]","[(16, 11), (14, 7), (16, 7), (21, 13), (19, 11), (7, 7), (11, 7), (11, 9)]","[(11, 8), (16, 11), (14, 7), (16, 7), (21, 13), (19, 11), (7, 7), (11, 7)]",42 items,18.0,0.0,18.0
43,"(11, 7)","(10, 7)",East,"[(11, 8), (11, 6), (10, 7)]","[(11, 8), (16, 11), (14, 7), (16, 7), (21, 13), (19, 11), (7, 7), (11, 7)]","[(11, 6), (11, 8), (16, 11), (14, 7), (16, 7), (21, 13), (19, 11), (7, 7)]",43 items,18.0,0.0,18.0
44,"(7, 7)","(8, 7)",West,"[(8, 7), (6, 7)]","[(11, 6), (11, 8), (16, 11), (14, 7), (16, 7), (21, 13), (19, 11), (7, 7)]","[(6, 7), (11, 6), (11, 8), (16, 11), (14, 7), (16, 7), (21, 13), (19, 11)]",44 items,18.0,0.0,18.0
45,"(19, 11)","(19, 12)",South,"[(19, 12), (20, 11), (18, 11)]","[(6, 7), (11, 6), (11, 8), (16, 11), (14, 7), (16, 7), (21, 13), (19, 11)]","[(18, 11), (20, 11), (6, 7), (11, 6), (11, 8), (16, 11), (14, 7), (16, 7), (21, 13)]",45 items,18.0,0.0,18.0
46,"(21, 13)","(20, 13)",East,"[(22, 13), (20, 13)]","[(18, 11), (20, 11), (6, 7), (11, 6), (11, 8), (16, 11), (14, 7), (16, 7), (21, 13)]","[(22, 13), (18, 11), (20, 11), (6, 7), (11, 6), (11, 8), (16, 11), (14, 7), (16, 7)]",46 items,18.0,0.0,18.0
47,"(16, 7)","(15, 7)",East,"[(17, 7), (15, 7)]","[(22, 13), (18, 11), (20, 11), (6, 7), (11, 6), (11, 8), (16, 11), (14, 7), (16, 7)]","[(17, 7), (22, 13), (18, 11), (20, 11), (6, 7), (11, 6), (11, 8), (16, 11), (14, 7)]",47 items,19.0,0.0,19.0
48,"(14, 7)","(15, 7)",West,"[(15, 7), (13, 7)]","[(17, 7), (22, 13), (18, 11), (20, 11), (6, 7), (11, 6), (11, 8), (16, 11), (14, 7)]","[(13, 7), (17, 7), (22, 13), (18, 11), (20, 11), (6, 7), (11, 6), (11, 8), (16, 11)]",48 items,19.0,0.0,19.0
49,"(16, 11)","(16, 10)",North,"[(16, 10), (17, 11)]","[(13, 7), (17, 7), (22, 13), (18, 11), (20, 11), (6, 7), (11, 6), (11, 8), (16, 11)]","[(17, 11), (13, 7), (17, 7), (22, 13), (18, 11), (20, 11), (6, 7), (11, 6), (11, 8)]",49 items,19.0,0.0,19.0
50,"(11, 8)","(11, 9)",South,"[(11, 9), (11, 7)]","[(17, 11), (13, 7), (17, 7), (22, 13), (18, 11), (20, 11), (6, 7), (11, 6), (11, 8)]","[(17, 11), (13, 7), (17, 7), (22, 13), (18, 11), (20, 11), (6, 7), (11, 6)]",50 items,19.0,0.0,19.0
51,"(11, 6)","(11, 7)",South,"[(11, 7), (11, 5)]","[(17, 11), (13, 7), (17, 7), (22, 13), (18, 11), (20, 11), (6, 7), (11, 6)]","[(11, 5), (17, 11), (13, 7), (17, 7), (22, 13), (18, 11), (20, 11), (6, 7)]",51 items,19.0,0.0,19.0
52,"(6, 7)","(7, 7)",West,"[(7, 7), (5, 7)]","[(11, 5), (17, 11), (13, 7), (17, 7), (22, 13), (18, 11), (20, 11), (6, 7)]","[(5, 7), (11, 5), (17, 11), (13, 7), (17, 7), (22, 13), (18, 11), (20, 11)]",52 items,19.0,0.0,19.0
53,"(20, 11)","(19, 11)",East,"[(21, 11), (19, 11)]","[(5, 7), (11, 5), (17, 11), (13, 7), (17, 7), (22, 13), (18, 11), (20, 11)]","[(21, 11), (5, 7), (11, 5), (17, 11), (13, 7), (17, 7), (22, 13), (18, 11)]",53 items,19.0,0.0,19.0
54,"(18, 11)","(19, 11)",West,"[(19, 11), (17, 11)]","[(21, 11), (5, 7), (11, 5), (17, 11), (13, 7), (17, 7), (22, 13), (18, 11)]","[(21, 11), (5, 7), (11, 5), (17, 11), (13, 7), (17, 7), (22, 13)]",54 items,19.0,0.0,19.0
55,"(22, 13)","(21, 13)",East,"[(23, 13), (21, 13)]","[(21, 11), (5, 7), (11, 5), (17, 11), (13, 7), (17, 7), (22, 13)]","[(23, 13), (21, 11), (5, 7), (11, 5), (17, 11), (13, 7), (17, 7)]",55 items,19.0,0.0,19.0
56,"(17, 7)","(16, 7)",East,"[(16, 7)]","[(23, 13), (21, 11), (5, 7), (11, 5), (17, 11), (13, 7), (17, 7)]","[(23, 13), (21, 11), (5, 7), (11, 5), (17, 11), (13, 7)]",56 items,20.0,0.0,20.0
57,"(13, 7)","(14, 7)",West,"[(14, 7)]","[(23, 13), (21, 11), (5, 7), (11, 5), (17, 11), (13, 7)]","[(23, 13), (21, 11), (5, 7), (11, 5), (17, 11)]",57 items,20.0,0.0,20.0
58,"(17, 11)","(16, 11)",East,"[(18, 11), (16, 11)]","[(23, 13), (21, 11), (5, 7), (11, 5), (17, 11)]","[(23, 13), (21, 11), (5, 7), (11, 5)]",58 items,20.0,0.0,20.0
59,"(11, 5)","(11, 6)",South,"[(11, 6), (12, 5)]","[(23, 13), (21, 11), (5, 7), (11, 5)]","[(12, 5), (23, 13), (21, 11), (5, 7)]",59 items,20.0,0.0,20.0
60,"(5, 7)","(6, 7)",West,"[(5, 8), (5, 6), (6, 7)]","[(12, 5), (23, 13), (21, 11), (5, 7)]","[(5, 6), (5, 8), (12, 5), (23, 13), (21, 11)]",60 items,20.0,0.0,20.0
61,"(21, 11)","(20, 11)",East,"[(21, 10), (20, 11)]","[(5, 6), (5, 8), (12, 5), (23, 13), (21, 11)]","[(21, 10), (5, 6), (5, 8), (12, 5), (23, 13)]",61 items,20.0,0.0,20.0
62,"(23, 13)","(22, 13)",East,"[(23, 12), (22, 13)]","[(21, 10), (5, 6), (5, 8), (12, 5), (23, 13)]","[(23, 12), (21, 10), (5, 6), (5, 8), (12, 5)]",62 items,20.0,0.0,20.0
63,"(12, 5)","(11, 5)",East,"[(13, 5), (11, 5)]","[(23, 12), (21, 10), (5, 6), (5, 8), (12, 5)]","[(13, 5), (23, 12), (21, 10), (5, 6), (5, 8)]",63 items,21.0,0.0,21.0
64,"(5, 8)","(5, 7)",North,"[(5, 9), (5, 7)]","[(13, 5), (23, 12), (21, 10), (5, 6), (5, 8)]","[(5, 9), (13, 5), (23, 12), (21, 10), (5, 6)]",64 items,21.0,0.0,21.0
65,"(5, 6)","(5, 7)",South,"[(5, 7), (5, 5)]","[(5, 9), (13, 5), (23, 12), (21, 10), (5, 6)]","[(5, 5), (5, 9), (13, 5), (23, 12), (21, 10)]",65 items,21.0,0.0,21.0
66,"(21, 10)","(21, 11)",South,"[(21, 11), (21, 9), (22, 10)]","[(5, 5), (5, 9), (13, 5), (23, 12), (21, 10)]","[(22, 10), (21, 9), (5, 5), (5, 9), (13, 5), (23, 12)]",66 items,21.0,0.0,21.0
67,"(23, 12)","(23, 13)",South,"[(23, 13), (23, 11)]","[(22, 10), (21, 9), (5, 5), (5, 9), (13, 5), (23, 12)]","[(23, 11), (22, 10), (21, 9), (5, 5), (5, 9), (13, 5)]",67 items,21.0,0.0,21.0
68,"(13, 5)","(12, 5)",East,"[(14, 5), (12, 5)]","[(23, 11), (22, 10), (21, 9), (5, 5), (5, 9), (13, 5)]","[(14, 5), (23, 11), (22, 10), (21, 9), (5, 5), (5, 9)]",68 items,22.0,0.0,22.0
69,"(5, 9)","(5, 8)",North,"[(5, 8)]","[(14, 5), (23, 11), (22, 10), (21, 9), (5, 5), (5, 9)]","[(14, 5), (23, 11), (22, 10), (21, 9), (5, 5)]",69 items,22.0,0.0,22.0
70,"(5, 5)","(5, 6)",South,"[(5, 6), (6, 5)]","[(14, 5), (23, 11), (22, 10), (21, 9), (5, 5)]","[(6, 5), (14, 5), (23, 11), (22, 10), (21, 9)]",70 items,22.0,0.0,22.0
71,"(21, 9)","(21, 10)",South,"[(21, 10), (21, 8)]","[(6, 5), (14, 5), (23, 11), (22, 10), (21, 9)]","[(21, 8), (6, 5), (14, 5), (23, 11), (22, 10)]",71 items,22.0,0.0,22.0
72,"(22, 10)","(21, 10)",East,[],"[(21, 8), (6, 5), (14, 5), (23, 11), (22, 10)]","[(21, 8), (6, 5), (14, 5), (23, 11)]",71 items,22.0,0.0,22.0
